<?xml version="1.0" encoding="UTF-8"?>
<preferences>
 <debug showDebugMenu="0" />
 <systemtable filter="All Interfaces">
  <columns>
   <connections preferredWidth="287" />
   <irq preferredWidth="34" />
  </columns>
 </systemtable>
 <library
   expandedCategories="Library/Memory Interfaces and Controllers/Memory Interfaces with UniPHY,Library/University Program/Clock,Library/Basic Functions/Configuration and Programming,Library/DSP,Library/DSP/Video and Image Processing,Library/Basic Functions,Library,Library/University Program,Library/Basic Functions/On Chip Memory,Library/Memory Interfaces and Controllers,Project,Library/University Program/Memory,Library/Memory Interfaces and Controllers/SDRAM,Library/Memory Interfaces and Controllers/Memory Interfaces with ALTMEMPHY" />
 <window width="1577" height="1410" x="987" y="0" />
 <generation simulation="VERILOG" />
</preferences>
